year,inversion_privada_pct_pbi,pbi_pct___mineria_e_hidrocarburos,pbi_pct___manufactura,expectativas_empresariales_totales___indice_de_expectativas_de_la_economia_a_12_meses,tasa_de_referencia_bcrp,ied_pct_del_pib,inversion_privada_pct_pbi,pbi_pct___mineria_e_hidrocarburos,pbi_pct___manufactura,expectativas_empresariales_totales___indice_de_expectativas_de_la_economia_a_12_meses,tasa_de_referencia_bcrp,ied_pct_del_pib,inversion_privada_pct_pbi.2,pbi_pct___mineria_e_hidrocarburos.2,pbi_pct___manufactura.2,expectativas_empresariales_totales___indice_de_expectativas_de_la_economia_a_12_meses.2,tasa_de_referencia_bcrp.2,ied_pct_del_pib.2,inversion_privada_pct_pbi.1,pbi_pct___mineria_e_hidrocarburos.1,pbi_pct___manufactura.1,expectativas_empresariales_totales___indice_de_expectativas_de_la_economia_a_12_meses.1,tasa_de_referencia_bcrp.1,ied_pct_del_pib.1,inversion_publica_pct_pbi,pbi_per_capita_pct,informal_employment_pct_of_total_employment,cotizaciones_internacionales___cobre___lme_us$_por_libras,productividad_total_de_factores_us_=_1,transferencias_corrientes_pct_pbi,indice_de_precios_al_consumidor_ipc,deuda_publica_pct_pbi,cotizaciones_internacionales___oro___lbma_us$_por_onzas_troy,ipc_sin_alimentos_y_energia,resultado_economico_pct_pbi,ingresos_tributarios_del_gobierno_central_pct_pbi,pbi_pct___comercio,pbi_real_pct,ingresos_corrientes_del_gobierno_central_pct_pbi,formacion_bruta_de_capital_fijo_pct_del_pib,remuneracion_publica_pct_pbi,expectativa_de_inflacion_a_12_meses,pbi_pct___otros_servicios,gastos_corrientes_pct_pbi,inversion_publica_pct_pbi.1,pbi_per_capita_pct.1,informal_employment_pct_of_total_employment.1,cotizaciones_internacionales___cobre___lme_us$_por_libras.1,productividad_total_de_factores_us_=_1.1,transferencias_corrientes_pct_pbi.1,indice_de_precios_al_consumidor_ipc.1,deuda_publica_pct_pbi.1,cotizaciones_internacionales___oro___lbma_us$_por_onzas_troy.1,ipc_sin_alimentos_y_energia.1,resultado_economico_pct_pbi.1,ingresos_tributarios_del_gobierno_central_pct_pbi.1,pbi_pct___comercio.1,pbi_real_pct.1,ingresos_corrientes_del_gobierno_central_pct_pbi.1,formacion_bruta_de_capital_fijo_pct_del_pib.1,remuneracion_publica_pct_pbi.1,expectativa_de_inflacion_a_12_meses.1,pbi_pct___otros_servicios.1,gastos_corrientes_pct_pbi.1,inversion_publica_pct_pbi.2,pbi_per_capita_pct.2,informal_employment_pct_of_total_employment.2,cotizaciones_internacionales___cobre___lme_us$_por_libras.2,productividad_total_de_factores_us_=_1.2,transferencias_corrientes_pct_pbi.2,indice_de_precios_al_consumidor_ipc.2,deuda_publica_pct_pbi.2,cotizaciones_internacionales___oro___lbma_us$_por_onzas_troy.2,ipc_sin_alimentos_y_energia.2,resultado_economico_pct_pbi.2,ingresos_tributarios_del_gobierno_central_pct_pbi.2,pbi_pct___comercio.2,pbi_real_pct.2,ingresos_corrientes_del_gobierno_central_pct_pbi.2,formacion_bruta_de_capital_fijo_pct_del_pib.2,remuneracion_publica_pct_pbi.2,expectativa_de_inflacion_a_12_meses.2,pbi_pct___otros_servicios.2,gastos_corrientes_pct_pbi.2,inversion_publica_pct_pbi,pbi_per_capita_pct,informal_employment_pct_of_total_employment,cotizaciones_internacionales___cobre___lme_us$_por_libras,productividad_total_de_factores_us_=_1,transferencias_corrientes_pct_pbi,indice_de_precios_al_consumidor_ipc,deuda_publica_pct_pbi,cotizaciones_internacionales___oro___lbma_us$_por_onzas_troy,ipc_sin_alimentos_y_energia,resultado_economico_pct_pbi,ingresos_tributarios_del_gobierno_central_pct_pbi,pbi_pct___comercio,pbi_real_pct,ingresos_corrientes_del_gobierno_central_pct_pbi,formacion_bruta_de_capital_fijo_pct_del_pib,remuneracion_publica_pct_pbi,expectativa_de_inflacion_a_12_meses,pbi_pct___otros_servicios,gastos_corrientes_pct_pbi
2000,19.69052043,0.877192982,5.552098743,60.71474297,2.625,1.564790193,19.69052043,0.877192982,5.552098743,60.71474297,2.625,1.564790193,19.69052043,0.877192982,5.552098743,60.71474297,2.625,1.564790193,19.69052043,0.877192982,5.552098743,60.71474297,2.625,1.564790193,4.184720547,1.229930766,0.911,80.7007,0.3758,4.296470065,3.734235306,48.30427912,363.6226,1.056211113,-3.430126708,13.02884054,3.777028924,2.694359246,15.83526578,19.67007044,5.681567901,2.052777778,2.388260664,15.48368524,4.184720547,1.229930766,0.911,80.7007,0.3758,4.296470065,3.734235306,48.30427912,363.6226,1.056211113,-3.430126708,13.02884054,3.777028924,2.694359246,15.83526578,19.67007044,5.681567901,2.052777778,2.388260664,15.48368524,4.184720547,1.229930766,0.911,80.7007,0.3758,4.296470065,3.734235306,48.30427912,363.6226,1.056211113,-3.430126708,13.02884054,3.777028924,2.694359246,15.83526578,19.67007044,5.681567901,2.052777778,2.388260664,15.48368524,4.184720547,1.229930766,0.911,80.7007,0.3758,4.296470065,3.734235306,48.30427912,363.6226,1.056211113,-3.430126708,13.02884054,3.777028924,2.694359246,15.83526578,19.67007044,5.681567901,2.052777778,2.388260664,15.48368524
2001,19.69052043,9.918478261,0.867740043,60.71474297,2.625,2.199224502,19.69052043,9.918478261,0.867740043,60.71474297,2.625,2.199224502,19.69052043,9.918478261,0.867740043,60.71474297,2.625,2.199224502,19.69052043,9.918478261,0.867740043,60.71474297,2.625,2.199224502,3.25194528,-0.604009902,0.911,80.7007,0.3684,4.296470065,-0.127351804,47.44104821,363.6226,1.056211113,-2.821033936,12.95396002,0.811798133,0.617833916,14.91977799,17.96665699,5.681567901,2.052777778,-1.007418022,15.4162702,3.25194528,-0.604009902,0.911,80.7007,0.3684,4.296470065,-0.127351804,47.44104821,363.6226,1.056211113,-2.821033936,12.95396002,0.811798133,0.617833916,14.91977799,17.96665699,5.681567901,2.052777778,-1.007418022,15.4162702,3.25194528,-0.604009902,0.911,80.7007,0.3684,4.296470065,-0.127351804,47.44104821,363.6226,1.056211113,-2.821033936,12.95396002,0.811798133,0.617833916,14.91977799,17.96665699,5.681567901,2.052777778,-1.007418022,15.4162702,3.25194528,-0.604009902,0.911,80.7007,0.3684,4.296470065,-0.127351804,47.44104821,363.6226,1.056211113,-2.821033936,12.95396002,0.811798133,0.617833916,14.91977799,17.96665699,5.681567901,2.052777778,-1.007418022,15.4162702
2002,19.69052043,9.956736712,6.639054346,60.71474297,2.625,3.935620845,19.69052043,9.956736712,6.639054346,60.71474297,2.625,3.935620845,19.69052043,9.956736712,6.639054346,60.71474297,2.625,3.935620845,19.69052043,9.956736712,6.639054346,60.71474297,2.625,3.935620845,2.953346382,4.342408299,0.911,80.7007,0.3783,4.296470065,1.515843599,48.81313179,363.6226,1.056211113,-2.313010696,12.73731476,2.939202792,5.453705392,15.10771883,16.73093191,5.681567901,2.052777778,3.97890028,15.21014835,2.953346382,4.342408299,0.911,80.7007,0.3783,4.296470065,1.515843599,48.81313179,363.6226,1.056211113,-2.313010696,12.73731476,2.939202792,5.453705392,15.10771883,16.73093191,5.681567901,2.052777778,3.97890028,15.21014835,2.953346382,4.342408299,0.911,80.7007,0.3783,4.296470065,1.515843599,48.81313179,363.6226,1.056211113,-2.313010696,12.73731476,2.939202792,5.453705392,15.10771883,16.73093191,5.681567901,2.052777778,3.97890028,15.21014835,2.953346382,4.342408299,0.911,80.7007,0.3783,4.296470065,1.515843599,48.81313179,363.6226,1.056211113,-2.313010696,12.73731476,2.939202792,5.453705392,15.10771883,16.73093191,5.681567901,2.052777778,3.97890028,15.21014835
2003,19.69052043,3.965488168,3.898864582,60.71474297,2.625,2.273086425,19.69052043,3.965488168,3.898864582,60.71474297,2.625,2.273086425,19.69052043,3.965488168,3.898864582,60.71474297,2.625,2.273086425,19.69052043,3.965488168,3.898864582,60.71474297,2.625,2.273086425,2.918575345,3.188171989,0.911,80.7007,0.3851,4.296470065,2.483753673,48.84508286,363.6226,2.856574567,-1.753550741,13.51094748,3.042155585,4.164882674,15.56054605,16.92106667,5.681567901,2.264930556,5.099918665,15.17677013,2.918575345,3.188171989,0.911,80.7007,0.3851,4.296470065,2.483753673,48.84508286,363.6226,2.856574567,-1.753550741,13.51094748,3.042155585,4.164882674,15.56054605,16.92106667,5.681567901,2.264930556,5.099918665,15.17677013,2.918575345,3.188171989,0.911,80.7007,0.3851,4.296470065,2.483753673,48.84508286,363.6226,2.856574567,-1.753550741,13.51094748,3.042155585,4.164882674,15.56054605,16.92106667,5.681567901,2.264930556,5.099918665,15.17677013,2.918575345,3.188171989,0.911,80.7007,0.3851,4.296470065,2.483753673,48.84508286,363.6226,2.856574567,-1.753550741,13.51094748,3.042155585,4.164882674,15.56054605,16.92106667,5.681567901,2.264930556,5.099918665,15.17677013
2004,19.69052043,5.982212851,7.445403735,60.71474297,2.666666667,2.394892075,19.69052043,5.982212851,7.445403735,60.71474297,2.666666667,2.394892075,19.69052043,5.982212851,7.445403735,60.71474297,2.666666667,2.394892075,19.69052043,5.982212851,7.445403735,60.71474297,2.666666667,2.394892075,2.898459618,4.051716208,0.911,129.9943,0.3978,4.189500377,3.481080682,44.68558577,409.8457,1.089218582,-1.133290516,13.77498969,5.75706453,4.958281234,15.65591845,16.78855814,5.512089275,2.658680556,3.93903908,14.79367086,2.898459618,4.051716208,0.911,129.9943,0.3978,4.189500377,3.481080682,44.68558577,409.8457,1.089218582,-1.133290516,13.77498969,5.75706453,4.958281234,15.65591845,16.78855814,5.512089275,2.658680556,3.93903908,14.79367086,2.898459618,4.051716208,0.911,129.9943,0.3978,4.189500377,3.481080682,44.68558577,409.8457,1.089218582,-1.133290516,13.77498969,5.75706453,4.958281234,15.65591845,16.78855814,5.512089275,2.658680556,3.93903908,14.79367086,2.898459618,4.051716208,0.911,129.9943,0.3978,4.189500377,3.481080682,44.68558577,409.8457,1.089218582,-1.133290516,13.77498969,5.75706453,4.958281234,15.65591845,16.78855814,5.512089275,2.658680556,3.93903908,14.79367086
2005,19.69052043,10.27903892,6.585230168,60.71474297,3.020833333,3.390348169,19.69052043,10.27903892,6.585230168,60.71474297,3.020833333,3.390348169,19.69052043,10.27903892,6.585230168,60.71474297,3.020833333,3.390348169,19.69052043,10.27903892,6.585230168,60.71474297,3.020833333,3.390348169,3.090967304,5.402408755,0.836,166.871433,0.4219,4.209663077,1.494260325,41.84813662,445.468375,1.363383106,-0.355456066,14.53376008,5.156530409,6.285208166,16.77052605,17.062082,5.637226366,2.463541667,5.30984339,15.21906645,3.090967304,5.402408755,0.836,166.871433,0.4219,4.209663077,1.494260325,41.84813662,445.468375,1.363383106,-0.355456066,14.53376008,5.156530409,6.285208166,16.77052605,17.062082,5.637226366,2.463541667,5.30984339,15.21906645,3.090967304,5.402408755,0.836,166.871433,0.4219,4.209663077,1.494260325,41.84813662,445.468375,1.363383106,-0.355456066,14.53376008,5.156530409,6.285208166,16.77052605,17.062082,5.637226366,2.463541667,5.30984339,15.21906645,3.090967304,5.402408755,0.836,166.871433,0.4219,4.209663077,1.494260325,41.84813662,445.468375,1.363383106,-0.355456066,14.53376008,5.156530409,6.285208166,16.77052605,17.062082,5.637226366,2.463541667,5.30984339,15.21906645
2006,19.69052043,1.90119345,7.269039627,60.71474297,4.291666667,3.910656805,19.69052043,1.90119345,7.269039627,60.71474297,4.291666667,3.910656805,19.69052043,1.90119345,7.269039627,60.71474297,4.291666667,3.910656805,19.69052043,1.90119345,7.269039627,60.71474297,4.291666667,3.910656805,3.246030812,6.711068001,0.819,304.910892,0.4622,3.588638587,1.137484663,33.81812962,604.580967,1.280219806,2.466220669,15.99559235,11.87803398,7.528776892,18.52775294,17.78613778,3.181662139,2.452430556,7.796508669,13.82326727,3.246030812,6.711068001,0.819,304.910892,0.4622,3.588638587,1.137484663,33.81812962,604.580967,1.280219806,2.466220669,15.99559235,11.87803398,7.528776892,18.52775294,17.78613778,3.181662139,2.452430556,7.796508669,13.82326727,3.246030812,6.711068001,0.819,304.910892,0.4622,3.588638587,1.137484663,33.81812962,604.580967,1.280219806,2.466220669,15.99559235,11.87803398,7.528776892,18.52775294,17.78613778,3.181662139,2.452430556,7.796508669,13.82326727,3.246030812,6.711068001,0.819,304.910892,0.4622,3.588638587,1.137484663,33.81812962,604.580967,1.280219806,2.466220669,15.99559235,11.87803398,7.528776892,18.52775294,17.78613778,3.181662139,2.452430556,7.796508669,13.82326727
2007,19.69052043,4.16269463,10.55359407,60.71474297,4.708333333,5.374286559,19.69052043,4.16269463,10.55359407,60.71474297,4.708333333,5.374286559,19.69052043,4.16269463,10.55359407,60.71474297,4.708333333,5.374286559,19.69052043,4.16269463,10.55359407,60.71474297,4.708333333,5.374286559,3.540359606,7.795406858,0.792,322.930225,0.4902,3.909857557,3.92767933,29.57498585,697.4074167,1.485751381,3.06501271,16.3788671,10.29491525,8.518450092,19.0166634,19.98542352,2.938989638,2.175,8.668297633,13.66978025,3.540359606,7.795406858,0.792,322.930225,0.4902,3.909857557,3.92767933,29.57498585,697.4074167,1.485751381,3.06501271,16.3788671,10.29491525,8.518450092,19.0166634,19.98542352,2.938989638,2.175,8.668297633,13.66978025,3.540359606,7.795406858,0.792,322.930225,0.4902,3.909857557,3.92767933,29.57498585,697.4074167,1.485751381,3.06501271,16.3788671,10.29491525,8.518450092,19.0166634,19.98542352,2.938989638,2.175,8.668297633,13.66978025,3.540359606,7.795406858,0.792,322.930225,0.4902,3.909857557,3.92767933,29.57498585,697.4074167,1.485751381,3.06501271,16.3788671,10.29491525,8.518450092,19.0166634,19.98542352,2.938989638,2.175,8.668297633,13.66978025
2008,19.69052043,7.09591831,8.61060216,60.71474297,5.895833333,5.743356976,19.69052043,7.09591831,8.61060216,60.71474297,5.895833333,5.743356976,19.69052043,7.09591831,8.61060216,60.71474297,5.895833333,5.743356976,19.69052043,7.09591831,8.61060216,60.71474297,5.895833333,5.743356976,4.491316328,8.439373029,0.788,315.5845065,0.5118,4.1105701,6.650207334,26.60240359,871.6126159,4.252152312,2.525815249,16.4865968,10.96597686,9.126568316,19.23921354,23.42658037,2.913102575,4.022569444,8.918615858,13.80591029,4.491316328,8.439373029,0.788,315.5845065,0.5118,4.1105701,6.650207334,26.60240359,871.6126159,4.252152312,2.525815249,16.4865968,10.96597686,9.126568316,19.23921354,23.42658037,2.913102575,4.022569444,8.918615858,13.80591029,4.491316328,8.439373029,0.788,315.5845065,0.5118,4.1105701,6.650207334,26.60240359,871.6126159,4.252152312,2.525815249,16.4865968,10.96597686,9.126568316,19.23921354,23.42658037,2.913102575,4.022569444,8.918615858,13.80591029,4.491316328,8.439373029,0.788,315.5845065,0.5118,4.1105701,6.650207334,26.60240359,871.6126159,4.252152312,2.525815249,16.4865968,10.96597686,9.126568316,19.23921354,23.42658037,2.913102575,4.022569444,8.918615858,13.80591029
2009,19.69052043,0.80793194,-6.716153735,65.03563313,3.25,5.32237544,19.69052043,0.80793194,-6.716153735,65.03563313,3.25,5.32237544,19.69052043,0.80793194,-6.716153735,65.03563313,3.25,5.32237544,19.69052043,0.80793194,-6.716153735,65.03563313,3.25,5.32237544,5.664615076,0.439437496,0.77,234.3115418,0.4912,3.581233699,0.245316436,26.5766873,972.211574,1.705839697,-1.286333151,14.29604931,-0.46808197,1.095823661,16.62703142,22.1386316,3.071054954,2.490277778,3.666622555,14.17265763,5.664615076,0.439437496,0.77,234.3115418,0.4912,3.581233699,0.245316436,26.5766873,972.211574,1.705839697,-1.286333151,14.29604931,-0.46808197,1.095823661,16.62703142,22.1386316,3.071054954,2.490277778,3.666622555,14.17265763,5.664615076,0.439437496,0.77,234.3115418,0.4912,3.581233699,0.245316436,26.5766873,972.211574,1.705839697,-1.286333151,14.29604931,-0.46808197,1.095823661,16.62703142,22.1386316,3.071054954,2.490277778,3.666622555,14.17265763,5.664615076,0.439437496,0.77,234.3115418,0.4912,3.581233699,0.245316436,26.5766873,972.211574,1.705839697,-1.286333151,14.29604931,-0.46808197,1.095823661,16.62703142,22.1386316,3.071054954,2.490277778,3.666622555,14.17265763
2010,19.69052043,0.537168591,10.75282955,80.67064158,2.0625,5.730877328,19.69052043,0.537168591,10.75282955,80.67064158,2.0625,5.730877328,19.69052043,0.537168591,10.75282955,80.67064158,2.0625,5.730877328,19.69052043,0.537168591,10.75282955,80.67064158,2.0625,5.730877328,5.863400578,7.54866333,0.769,342.1897449,0.5325,3.321055815,2.076444232,23.7490733,1224.198224,1.382121631,-0.175183348,15.28523381,12.47773542,8.332459092,17.76505566,23.51337863,2.882455642,2.450347222,9.08105351,13.63594709,5.863400578,7.54866333,0.769,342.1897449,0.5325,3.321055815,2.076444232,23.7490733,1224.198224,1.382121631,-0.175183348,15.28523381,12.47773542,8.332459092,17.76505566,23.51337863,2.882455642,2.450347222,9.08105351,13.63594709,5.863400578,7.54866333,0.769,342.1897449,0.5325,3.321055815,2.076444232,23.7490733,1224.198224,1.382121631,-0.175183348,15.28523381,12.47773542,8.332459092,17.76505566,23.51337863,2.882455642,2.450347222,9.08105351,13.63594709,5.863400578,7.54866333,0.769,342.1897449,0.5325,3.321055815,2.076444232,23.7490733,1224.198224,1.382121631,-0.175183348,15.28523381,12.47773542,8.332459092,17.76505566,23.51337863,2.882455642,2.450347222,9.08105351,13.63594709
2011,19.69052043,-0.533612387,8.564662301,60.98072076,4.041666667,4.472626582,19.69052043,-0.533612387,8.564662301,60.98072076,4.041666667,4.472626582,19.69052043,-0.533612387,8.564662301,60.98072076,4.041666667,4.472626582,19.69052043,-0.533612387,8.564662301,60.98072076,4.041666667,4.472626582,4.82126151,5.54438935,0.755,397.4948897,0.5617,3.502926912,4.738420842,21.64357217,1587.65651,2.421040927,2.080541711,16.07148983,8.941120954,6.327192404,18.82654724,23.3485326,2.842968377,2.976388889,6.904996351,13.45445745,4.82126151,5.54438935,0.755,397.4948897,0.5617,3.502926912,4.738420842,21.64357217,1587.65651,2.421040927,2.080541711,16.07148983,8.941120954,6.327192404,18.82654724,23.3485326,2.842968377,2.976388889,6.904996351,13.45445745,4.82126151,5.54438935,0.755,397.4948897,0.5617,3.502926912,4.738420842,21.64357217,1587.65651,2.421040927,2.080541711,16.07148983,8.941120954,6.327192404,18.82654724,23.3485326,2.842968377,2.976388889,6.904996351,13.45445745,4.82126151,5.54438935,0.755,397.4948897,0.5617,3.502926912,4.738420842,21.64357217,1587.65651,2.421040927,2.080541711,16.07148983,8.941120954,6.327192404,18.82654724,23.3485326,2.842968377,2.976388889,6.904996351,13.45445745
2012,19.69052043,2.195998753,2.537455755,67.11892748,4.25,7.361736834,19.69052043,2.195998753,2.537455755,67.11892748,4.25,7.361736834,19.69052043,2.195998753,2.537455755,67.11892748,4.25,7.361736834,19.69052043,2.195998753,2.537455755,67.11892748,4.25,7.361736834,5.407538638,5.383458317,0.707,360.9579483,0.5481,2.997550231,2.649368881,19.88301382,1668.064777,1.909080395,2.273126581,16.51521075,6.794972103,6.139724712,19.13523808,25.04452592,2.988503274,2.823263889,7.383172498,13.55769444,5.407538638,5.383458317,0.707,360.9579483,0.5481,2.997550231,2.649368881,19.88301382,1668.064777,1.909080395,2.273126581,16.51521075,6.794972103,6.139724712,19.13523808,25.04452592,2.988503274,2.823263889,7.383172498,13.55769444,5.407538638,5.383458317,0.707,360.9579483,0.5481,2.997550231,2.649368881,19.88301382,1668.064777,1.909080395,2.273126581,16.51521075,6.794972103,6.139724712,19.13523808,25.04452592,2.988503274,2.823263889,7.383172498,13.55769444,5.407538638,5.383458317,0.707,360.9579483,0.5481,2.997550231,2.649368881,19.88301382,1668.064777,1.909080395,2.273126581,16.51521075,6.794972103,6.139724712,19.13523808,25.04452592,2.988503274,2.823263889,7.383172498,13.55769444
2013,20.68231951,4.879148021,4.91971226,63.03037017,4.208333333,4.757349002,20.68231951,4.879148021,4.91971226,63.03037017,4.208333333,4.757349002,20.68231951,4.879148021,4.91971226,63.03037017,4.208333333,4.757349002,20.68231951,4.879148021,4.91971226,63.03037017,4.208333333,4.757349002,5.758635974,5.029316335,0.698,332.6063501,0.5271,3.197161556,2.859681156,19.15018646,1411.286351,2.968906109,0.884219037,16.27797264,5.85836836,5.852518209,18.83285295,25.30079697,3.278048258,2.581597222,6.107236723,14.27661553,5.758635974,5.029316335,0.698,332.6063501,0.5271,3.197161556,2.859681156,19.15018646,1411.286351,2.968906109,0.884219037,16.27797264,5.85836836,5.852518209,18.83285295,25.30079697,3.278048258,2.581597222,6.107236723,14.27661553,5.758635974,5.029316335,0.698,332.6063501,0.5271,3.197161556,2.859681156,19.15018646,1411.286351,2.968906109,0.884219037,16.27797264,5.85836836,5.852518209,18.83285295,25.30079697,3.278048258,2.581597222,6.107236723,14.27661553,5.758635974,5.029316335,0.698,332.6063501,0.5271,3.197161556,2.859681156,19.15018646,1411.286351,2.968906109,0.884219037,16.27797264,5.85836836,5.852518209,18.83285295,25.30079697,3.278048258,2.581597222,6.107236723,14.27661553
2014,19.79016457,-0.872326824,-3.645674831,62.04973688,3.791666667,2.12302965,19.79016457,-0.872326824,-3.645674831,62.04973688,3.791666667,2.12302965,19.79016457,-0.872326824,-3.645674831,62.04973688,3.791666667,2.12302965,19.79016457,-0.872326824,-3.645674831,62.04973688,3.791666667,2.12302965,5.490650308,1.431263893,0.686,311.3167191,0.5038,3.50585986,3.224061189,19.74000856,1265.689715,2.507508479,-0.251583417,16.44244571,4.418770039,2.382157383,18.88499576,24.54051551,3.609887794,2.725694444,4.99371923,15.41707852,5.490650308,1.431263893,0.686,311.3167191,0.5038,3.50585986,3.224061189,19.74000856,1265.689715,2.507508479,-0.251583417,16.44244571,4.418770039,2.382157383,18.88499576,24.54051551,3.609887794,2.725694444,4.99371923,15.41707852,5.490650308,1.431263893,0.686,311.3167191,0.5038,3.50585986,3.224061189,19.74000856,1265.689715,2.507508479,-0.251583417,16.44244571,4.418770039,2.382157383,18.88499576,24.54051551,3.609887794,2.725694444,4.99371923,15.41707852,5.490650308,1.431263893,0.686,311.3167191,0.5038,3.50585986,3.224061189,19.74000856,1265.689715,2.507508479,-0.251583417,16.44244571,4.418770039,2.382157383,18.88499576,24.54051551,3.609887794,2.725694444,4.99371923,15.41707852
2015,20.11321789,9.457864714,-1.471591462,55.40119742,3.354166667,3.903157076,20.11321789,9.457864714,-1.471591462,55.40119742,3.354166667,3.903157076,20.11321789,9.457864714,-1.471591462,55.40119742,3.354166667,3.903157076,20.11321789,9.457864714,-1.471591462,55.40119742,3.354166667,3.903157076,4.96376046,2.052806795,0.692,250.0456903,0.4809,3.360815038,4.397928542,22.96842869,1159.913255,3.489345078,-1.916098214,14.56133454,3.877295065,3.252244757,16.4518227,23.08856814,3.529101748,2.988541667,4.118819317,15.61474527,4.96376046,2.052806795,0.692,250.0456903,0.4809,3.360815038,4.397928542,22.96842869,1159.913255,3.489345078,-1.916098214,14.56133454,3.877295065,3.252244757,16.4518227,23.08856814,3.529101748,2.988541667,4.118819317,15.61474527,4.96376046,2.052806795,0.692,250.0456903,0.4809,3.360815038,4.397928542,22.96842869,1159.913255,3.489345078,-1.916098214,14.56133454,3.877295065,3.252244757,16.4518227,23.08856814,3.529101748,2.988541667,4.118819317,15.61474527,4.96376046,2.052806795,0.692,250.0456903,0.4809,3.360815038,4.397928542,22.96842869,1159.913255,3.489345078,-1.916098214,14.56133454,3.877295065,3.252244757,16.4518227,23.08856814,3.529101748,2.988541667,4.118819317,15.61474527
2016,18.76669291,16.29601195,-1.383370586,68.24095651,4.229166667,3.662475502,18.76669291,16.29601195,-1.383370586,68.24095651,4.229166667,3.662475502,18.76669291,16.29601195,-1.383370586,68.24095651,4.229166667,3.662475502,18.76669291,16.29601195,-1.383370586,68.24095651,4.229166667,3.662475502,4.758122835,2.387220791,0.68,220.8271365,0.4732,3.081241052,3.23488195,23.32802704,1247.614819,2.86740753,-2.31678499,13.29695499,1.812922488,3.953318715,15.01635084,21.44694504,3.568783531,3.073125,3.96375903,14.90840386,4.758122835,2.387220791,0.68,220.8271365,0.4732,3.081241052,3.23488195,23.32802704,1247.614819,2.86740753,-2.31678499,13.29695499,1.812922488,3.953318715,15.01635084,21.44694504,3.568783531,3.073125,3.96375903,14.90840386,4.758122835,2.387220791,0.68,220.8271365,0.4732,3.081241052,3.23488195,23.32802704,1247.614819,2.86740753,-2.31678499,13.29695499,1.812922488,3.953318715,15.01635084,21.44694504,3.568783531,3.073125,3.96375903,14.90840386,4.758122835,2.387220791,0.68,220.8271365,0.4732,3.081241052,3.23488195,23.32802704,1247.614819,2.86740753,-2.31678499,13.29695499,1.812922488,3.953318715,15.01635084,21.44694504,3.568783531,3.073125,3.96375903,14.90840386
2017,17.86384558,3.424554226,-0.191556259,68.83599796,3.833333333,3.659672646,17.86384558,3.424554226,-0.191556259,68.83599796,3.833333333,3.659672646,17.86384558,3.424554226,-0.191556259,68.83599796,3.833333333,3.659672646,17.86384558,3.424554226,-0.191556259,68.83599796,3.833333333,3.659672646,4.490689103,0.694582904,0.681,279.9566644,0.4637,3.129666531,1.364855884,24.30271613,1257.422993,2.146711183,-2.947583961,12.6612534,1.028424837,2.518835454,14.69025324,20.60759692,3.573040997,2.789097222,3.346968636,14.91540933,4.490689103,0.694582904,0.681,279.9566644,0.4637,3.129666531,1.364855884,24.30271613,1257.422993,2.146711183,-2.947583961,12.6612534,1.028424837,2.518835454,14.69025324,20.60759692,3.573040997,2.789097222,3.346968636,14.91540933,4.490689103,0.694582904,0.681,279.9566644,0.4637,3.129666531,1.364855884,24.30271613,1257.422993,2.146711183,-2.947583961,12.6612534,1.028424837,2.518835454,14.69025324,20.60759692,3.573040997,2.789097222,3.346968636,14.91540933,4.490689103,0.694582904,0.681,279.9566644,0.4637,3.129666531,1.364855884,24.30271613,1257.422993,2.146711183,-2.947583961,12.6612534,1.028424837,2.518835454,14.69025324,20.60759692,3.573040997,2.789097222,3.346968636,14.91540933
2018,18.26978561,-1.494022801,5.88668478,68.19500637,2.791666667,2.782252109,18.26978561,-1.494022801,5.88668478,68.19500637,2.791666667,2.782252109,18.26978561,-1.494022801,5.88668478,68.19500637,2.791666667,2.782252109,18.26978561,-1.494022801,5.88668478,68.19500637,2.791666667,2.782252109,4.668170289,2.031955908,0.685,296.1139979,0.4611,3.262759352,2.192523154,25.25439502,1269.203943,2.211979548,-2.263513278,13.83477149,2.64764919,3.969351336,15.80586468,20.92325188,3.564552083,2.318628472,4.342715447,14.96689185,4.668170289,2.031955908,0.685,296.1139979,0.4611,3.262759352,2.192523154,25.25439502,1269.203943,2.211979548,-2.263513278,13.83477149,2.64764919,3.969351336,15.80586468,20.92325188,3.564552083,2.318628472,4.342715447,14.96689185,4.668170289,2.031955908,0.685,296.1139979,0.4611,3.262759352,2.192523154,25.25439502,1269.203943,2.211979548,-2.263513278,13.83477149,2.64764919,3.969351336,15.80586468,20.92325188,3.564552083,2.318628472,4.342715447,14.96689185,4.668170289,2.031955908,0.685,296.1139979,0.4611,3.262759352,2.192523154,25.25439502,1269.203943,2.211979548,-2.263513278,13.83477149,2.64764919,3.969351336,15.80586468,20.92325188,3.564552083,2.318628472,4.342715447,14.96689185
2019,18.12389415,-0.049193128,-1.662649006,62.16826407,2.604166667,2.258819907,18.12389415,-0.049193128,-1.662649006,62.16826407,2.604166667,2.258819907,18.12389415,-0.049193128,-1.662649006,62.16826407,2.604166667,2.258819907,18.12389415,-0.049193128,-1.662649006,62.16826407,2.604166667,2.258819907,4.480092129,0.429240905,0.684,272.6671836,0.4547,3.157590523,1.900091579,26.15019669,1392.396814,2.300556703,-1.591678333,14.02964841,2.998511296,2.24063177,16.06790382,20.97156896,3.568265044,2.333819444,3.766264335,15.13000401,4.480092129,0.429240905,0.684,272.6671836,0.4547,3.157590523,1.900091579,26.15019669,1392.396814,2.300556703,-1.591678333,14.02964841,2.998511296,2.24063177,16.06790382,20.97156896,3.568265044,2.333819444,3.766264335,15.13000401,4.480092129,0.429240905,0.684,272.6671836,0.4547,3.157590523,1.900091579,26.15019669,1392.396814,2.300556703,-1.591678333,14.02964841,2.998511296,2.24063177,16.06790382,20.97156896,3.568265044,2.333819444,3.766264335,15.13000401,4.480092129,0.429240905,0.684,272.6671836,0.4547,3.157590523,1.900091579,26.15019669,1392.396814,2.300556703,-1.591678333,14.02964841,2.998511296,2.24063177,16.06790382,20.97156896,3.568265044,2.333819444,3.766264335,15.13000401
2020,15.9250176,-13.41625161,-12.53738149,55.186771,0.666666667,0.464940476,15.9250176,-13.41625161,-12.53738149,55.186771,0.666666667,0.464940476,15.9250176,-13.41625161,-12.53738149,55.186771,0.666666667,0.464940476,15.9250176,-13.41625161,-12.53738149,55.186771,0.666666667,0.464940476,4.192840996,-12.28339003,0.701,279.9726425,0.4076,5.752428756,1.973232229,33.95133058,1769.71589,1.762102913,-8.710946847,12.6794505,-15.97929502,-10.93330649,14.4947904,19.94147021,4.076980668,1.682083333,-10.23386885,19.7968442,4.192840996,-12.28339003,0.701,279.9726425,0.4076,5.752428756,1.973232229,33.95133058,1769.71589,1.762102913,-8.710946847,12.6794505,-15.97929502,-10.93330649,14.4947904,19.94147021,4.076980668,1.682083333,-10.23386885,19.7968442,4.192840996,-12.28339003,0.701,279.9726425,0.4076,5.752428756,1.973232229,33.95133058,1769.71589,1.762102913,-8.710946847,12.6794505,-15.97929502,-10.93330649,14.4947904,19.94147021,4.076980668,1.682083333,-10.23386885,19.7968442,4.192840996,-12.28339003,0.701,279.9726425,0.4076,5.752428756,1.973232229,33.95133058,1769.71589,1.762102913,-8.710946847,12.6794505,-15.97929502,-10.93330649,14.4947904,19.94147021,4.076980668,1.682083333,-10.23386885,19.7968442
2021,18.80789747,8.122685281,18.60708745,51.99557018,0.770833333,3.154631476,18.80789747,8.122685281,18.60708745,51.99557018,0.770833333,3.154631476,18.80789747,8.122685281,18.60708745,51.99557018,0.770833333,3.154631476,18.80789747,8.122685281,18.60708745,51.99557018,0.770833333,3.154631476,4.585037194,12.01124656,0.701,422.2551393,0.4427,4.101421221,6.430387163,35.29178625,1799.417255,3.241029641,-2.484246421,15.67517736,17.8104739,13.4166456,17.6685779,23.08267536,3.321347894,2.860086806,11.51899541,16.83783192,4.585037194,12.01124656,0.701,422.2551393,0.4427,4.101421221,6.430387163,35.29178625,1799.417255,3.241029641,-2.484246421,15.67517736,17.8104739,13.4166456,17.6685779,23.08267536,3.321347894,2.860086806,11.51899541,16.83783192,4.585037194,12.01124656,0.701,422.2551393,0.4427,4.101421221,6.430387163,35.29178625,1799.417255,3.241029641,-2.484246421,15.67517736,17.8104739,13.4166456,17.6685779,23.08267536,3.321347894,2.860086806,11.51899541,16.83783192,4.585037194,12.01124656,0.701,422.2551393,0.4427,4.101421221,6.430387163,35.29178625,1799.417255,3.241029641,-2.484246421,15.67517736,17.8104739,13.4166456,17.6685779,23.08267536,3.321347894,2.860086806,11.51899541,16.83783192
2022,18.29892957,0.515899526,0.952535128,45.56731292,5.541666667,4.628033983,18.29892957,0.515899526,0.952535128,45.56731292,5.541666667,4.628033983,18.29892957,0.515899526,0.952535128,45.56731292,5.541666667,4.628033983,18.29892957,0.515899526,0.952535128,45.56731292,5.541666667,4.628033983,4.930360877,1.705578382,0.701,400.1136136,0.4382,3.540472589,8.459162,33.31647334,1801.128482,5.586,-1.676662254,16.55677557,3.256141034,2.81819977,18.8363551,23.27122166,3.24679834,4.6359375,3.583618227,15.71030996,4.930360877,1.705578382,0.701,400.1136136,0.4382,3.540472589,8.459162,33.31647334,1801.128482,5.586,-1.676662254,16.55677557,3.256141034,2.81819977,18.8363551,23.27122166,3.24679834,4.6359375,3.583618227,15.71030996,4.930360877,1.705578382,0.701,400.1136136,0.4382,3.540472589,8.459162,33.31647334,1801.128482,5.586,-1.676662254,16.55677557,3.256141034,2.81819977,18.8363551,23.27122166,3.24679834,4.6359375,3.583618227,15.71030996,4.930360877,1.705578382,0.701,400.1136136,0.4382,3.540472589,8.459162,33.31647334,1801.128482,5.586,-1.676662254,16.55677557,3.256141034,2.81819977,18.8363551,23.27122166,3.24679834,4.6359375,3.583618227,15.71030996
2023,15.56353508,9.434273731,-6.539717172,52.36141032,7.541666667,1.64334961,15.56353508,9.434273731,-6.539717172,52.36141032,7.541666667,1.64334961,15.56353508,9.434273731,-6.539717172,52.36141032,7.541666667,1.64334961,15.56353508,9.434273731,-6.539717172,52.36141032,7.541666667,1.64334961,4.871948574,-1.323223097,0.701,384.7748342,0.4224,3.044588956,3.237382564,32.33694896,1943.440545,2.900204241,-2.750917915,14.45288605,2.355449793,-0.350699813,16.51816693,21.10960407,3.282293321,3.759288194,-0.313961364,15.3626737,4.871948574,-1.323223097,0.701,384.7748342,0.4224,3.044588956,3.237382564,32.33694896,1943.440545,2.900204241,-2.750917915,14.45288605,2.355449793,-0.350699813,16.51816693,21.10960407,3.282293321,3.759288194,-0.313961364,15.3626737,4.871948574,-1.323223097,0.701,384.7748342,0.4224,3.044588956,3.237382564,32.33694896,1943.440545,2.900204241,-2.750917915,14.45288605,2.355449793,-0.350699813,16.51816693,21.10960407,3.282293321,3.759288194,-0.313961364,15.3626737,4.871948574,-1.323223097,0.701,384.7748342,0.4224,3.044588956,3.237382564,32.33694896,1943.440545,2.900204241,-2.750917915,14.45288605,2.355449793,-0.350699813,16.51816693,21.10960407,3.282293321,3.759288194,-0.313961364,15.3626737
2024,15.80738042,3.031672493,4.632113258,58.23744267,5.6875,2.297807083,15.80738042,3.031672493,4.632113258,58.23744267,5.6875,2.297807083,15.80738042,3.031672493,4.632113258,58.23744267,5.6875,2.297807083,15.80738042,3.031672493,4.632113258,58.23744267,5.6875,2.297807083,5.208227206,2.564579043,0.701,414.6228618,0.4224,2.790422279,1.966302701,32.02088847,2387.977249,2.604625492,-3.449474432,14.03167373,2.963604741,3.515274917,15.84532061,20.59844559,3.227635493,2.520138889,3.130955878,14.64545007,5.208227206,2.564579043,0.701,414.6228618,0.4224,2.790422279,1.966302701,32.02088847,2387.977249,2.604625492,-3.449474432,14.03167373,2.963604741,3.515274917,15.84532061,20.59844559,3.227635493,2.520138889,3.130955878,14.64545007,5.208227206,2.564579043,0.701,414.6228618,0.4224,2.790422279,1.966302701,32.02088847,2387.977249,2.604625492,-3.449474432,14.03167373,2.963604741,3.515274917,15.84532061,20.59844559,3.227635493,2.520138889,3.130955878,14.64545007,5.208227206,2.564579043,0.701,414.6228618,0.4224,2.790422279,1.966302701,32.02088847,2387.977249,2.604625492,-3.449474432,14.03167373,2.963604741,3.515274917,15.84532061,20.59844559,3.227635493,2.520138889,3.130955878,14.64545007
2025,16.02811129,1.496806418,2.871677976,59.77640532,4.5,3.091768335,16.02811129,1.496806418,2.871677976,59.77640532,4.5,3.091768335,16.02811129,1.496806418,2.871677976,59.77640532,4.5,3.091768335,16.02811129,1.496806418,2.871677976,59.77640532,4.5,3.091768335,5.043479076,2.505438316,0.701,450.8940778,0.4224,2.726361662,1.508799739,30.11453661,3441.582838,1.830782076,-2.176717427,14.41759296,3.587064758,3.444372272,16.15092264,20.51533428,3.229591631,2.23046875,3.429819208,14.30697872,5.043479076,2.505438316,0.701,450.8940778,0.4224,2.726361662,1.508799739,30.11453661,3441.582838,1.830782076,-2.176717427,14.41759296,3.587064758,3.444372272,16.15092264,20.51533428,3.229591631,2.23046875,3.429819208,14.30697872,5.043479076,2.505438316,0.701,450.8940778,0.4224,2.726361662,1.508799739,30.11453661,3441.582838,1.830782076,-2.176717427,14.41759296,3.587064758,3.444372272,16.15092264,20.51533428,3.229591631,2.23046875,3.429819208,14.30697872,5.043479076,2.505438316,0.701,450.8940778,0.4224,2.726361662,1.508799739,30.11453661,3441.582838,1.830782076,-2.176717427,14.41759296,3.587064758,3.444372272,16.15092264,20.51533428,3.229591631,2.23046875,3.429819208,14.30697872
